{
	"attribs": {
		"Position": { "size": 3, "type": "float", "stride": 12, "offset": 0 }
	},
	"buffer":
	[
		-1.000000, -1.000000, 1.000000, 
		-1.000000, 1.000000, -1.000000, 
		-1.000000, -1.000000, -1.000000, 
		-1.000000, 1.000000, 1.000000, 
		1.000000, 1.000000, -1.000000, 
		-1.000000, 1.000000, -1.000000, 
		1.000000, 1.000000, 1.000000, 
		1.000000, -1.000000, -1.000000, 
		1.000000, 1.000000, -1.000000, 
		1.000000, -1.000000, 1.000000, 
		-1.000000, -1.000000, -1.000000, 
		1.000000, -1.000000, -1.000000, 
		1.000000, 1.000000, -1.000000, 
		-1.000000, -1.000000, -1.000000, 
		-1.000000, 1.000000, -1.000000, 
		-1.000000, 1.000000, 1.000000, 
		1.000000, -1.000000, 1.000000, 
		1.000000, 1.000000, 1.000000, 
		-1.000000, 1.000000, 1.000000, 
		1.000000, 1.000000, 1.000000, 
		1.000000, -1.000000, 1.000000, 
		-1.000000, -1.000000, 1.000000, 
		1.000000, -1.000000, -1.000000, 
		-1.000000, -1.000000, 1.000000
	],
	"indices":
	[
		2, 1, 0, 5, 4, 3, 		8, 7, 6, 11, 10, 9, 		14, 13, 12, 17, 16, 15, 		1, 18, 0, 4, 19, 3, 		7, 20, 6, 10, 21, 9, 		13, 22, 12, 16, 23, 15
	]
}