{
	"attribs": {
		"Position": { "size": 3, "type": "float", "stride": 12, "offset": 0 }
	},
	"buffer":
	[
		1.260941, -0.012010, 0.309730, 
		1.217040, 0.146776, 0.434730, 
		1.227447, -0.012010, 0.434730, 
		1.227447, -0.012010, 0.434730, 
		1.126316, 0.134832, 0.526236, 
		1.135941, -0.012010, 0.526236, 
		1.126316, 0.134832, 0.526236, 
		1.010941, -0.012010, 0.559730, 
		1.135941, -0.012010, 0.526236, 
		1.002385, 0.118516, 0.559730, 
		0.885941, -0.012010, 0.526236, 
		1.010941, -0.012010, 0.559730, 
		0.878455, 0.102200, 0.526236, 
		0.794434, -0.012010, 0.434730, 
		0.885941, -0.012010, 0.526236, 
		0.794434, -0.012010, 0.434730, 
		0.754524, 0.085884, 0.309730, 
		0.760941, -0.012010, 0.309730, 
		0.754524, 0.085884, 0.309730, 
		0.794434, -0.012010, 0.184730, 
		0.760941, -0.012010, 0.309730, 
		0.794434, -0.012010, 0.184730, 
		0.878455, 0.102200, 0.093224, 
		0.885941, -0.012010, 0.093224, 
		0.885941, -0.012010, 0.093224, 
		1.002385, 0.118516, 0.059730, 
		1.010941, -0.012010, 0.059730, 
		1.002385, 0.118516, 0.059730, 
		1.135941, -0.012010, 0.093224, 
		1.010941, -0.012010, 0.059730, 
		1.126316, 0.134832, 0.093224, 
		1.227447, -0.012010, 0.184730, 
		1.135941, -0.012010, 0.093224, 
		1.217040, 0.146776, 0.184730, 
		1.260941, -0.012010, 0.309730, 
		1.227447, -0.012010, 0.184730, 
		1.218348, 0.311514, 0.309730, 
		1.217040, 0.146776, 0.434730, 
		1.250247, 0.151147, 0.309730, 
		1.185995, 0.302845, 0.434730, 
		1.126316, 0.134832, 0.526236, 
		1.217040, 0.146776, 0.434730, 
		1.097607, 0.279161, 0.526236, 
		1.002385, 0.118516, 0.559730, 
		1.126316, 0.134832, 0.526236, 
		1.002385, 0.118516, 0.559730, 
		0.856126, 0.214456, 0.526236, 
		0.878455, 0.102200, 0.526236, 
		0.856126, 0.214456, 0.526236, 
		0.787731, 0.090256, 0.434730, 
		0.878455, 0.102200, 0.526236, 
		0.787731, 0.090256, 0.434730, 
		0.735385, 0.182104, 0.309730, 
		0.754524, 0.085884, 0.309730, 
		0.735385, 0.182104, 0.309730, 
		0.787731, 0.090256, 0.184730, 
		0.754524, 0.085884, 0.309730, 
		0.787731, 0.090256, 0.184730, 
		0.856126, 0.214456, 0.093224, 
		0.878455, 0.102200, 0.093224, 
		0.856126, 0.214456, 0.093224, 
		1.002385, 0.118516, 0.059730, 
		0.878455, 0.102200, 0.093224, 
		1.002385, 0.118516, 0.059730, 
		1.097607, 0.279161, 0.093224, 
		1.126316, 0.134832, 0.093224, 
		1.126316, 0.134832, 0.093224, 
		1.185995, 0.302845, 0.184730, 
		1.217040, 0.146776, 0.184730, 
		1.217040, 0.146776, 0.184730, 
		1.218348, 0.311514, 0.309730, 
		1.250247, 0.151147, 0.309730, 
		1.218348, 0.311514, 0.309730, 
		1.134846, 0.453526, 0.434730, 
		1.185995, 0.302845, 0.434730, 
		1.134846, 0.453526, 0.434730, 
		1.097607, 0.279161, 0.526236, 
		1.185995, 0.302845, 0.434730, 
		1.050305, 0.418508, 0.526236, 
		0.976866, 0.246809, 0.559730, 
		1.097607, 0.279161, 0.526236, 
		0.976866, 0.246809, 0.559730, 
		0.819335, 0.322838, 0.526236, 
		0.856126, 0.214456, 0.526236, 
		0.856126, 0.214456, 0.526236, 
		0.734794, 0.287820, 0.434730, 
		0.767737, 0.190773, 0.434730, 
		0.767737, 0.190773, 0.434730, 
		0.703850, 0.275002, 0.309730, 
		0.735385, 0.182104, 0.309730, 
		0.703850, 0.275002, 0.309730, 
		0.767737, 0.190773, 0.184730, 
		0.735385, 0.182104, 0.309730, 
		0.734794, 0.287820, 0.184730, 
		0.856126, 0.214456, 0.093224, 
		0.767737, 0.190773, 0.184730, 
		0.819335, 0.322838, 0.093224, 
		0.976866, 0.246809, 0.059730, 
		0.856126, 0.214456, 0.093224, 
		0.976866, 0.246809, 0.059730
	],
	"indices":
	[
		2, 1, 0, 5, 4, 3, 
		8, 7, 6, 11, 10, 9, 
		14, 13, 12, 16, 15, 5, 
		19, 18, 17, 12, 20, 14, 
		21, 17, 8, 24, 23, 22, 
		27, 26, 25, 29, 28, 21, 
		14, 30, 13, 33, 32, 31, 
		36, 35, 34, 13, 38, 37, 
		6, 39, 29, 41, 40, 16, 
		44, 43, 42, 22, 45, 11, 
		0, 47, 46, 49, 48, 33, 
		52, 51, 50, 54, 53, 49, 
		46, 56, 55, 37, 57, 12, 
		60, 59, 58, 63, 62, 61, 
		65, 58, 64, 7, 67, 66, 
		64, 68, 19, 50, 69, 7, 
		66, 70, 52, 17, 60, 65, 
		73, 72, 71, 18, 74, 60, 
		58, 75, 68, 68, 76, 18, 
		1, 77, 0, 4, 78, 3, 
		7, 66, 6, 10, 79, 9, 
		13, 37, 12, 15, 80, 5, 
		18, 60, 17, 20, 81, 14, 
		17, 65, 8, 23, 82, 22, 
		26, 83, 25, 28, 84, 21, 
		30, 85, 13, 32, 86, 31, 
		35, 87, 34, 38, 88, 37, 
		39, 89, 29, 40, 90, 16, 
		43, 91, 42, 45, 92, 11, 
		47, 93, 46, 48, 94, 33, 
		51, 69, 50, 53, 95, 49, 
		56, 96, 55, 57, 97, 12, 
		59, 75, 58, 62, 98, 61, 
		58, 68, 64, 67, 70, 66, 
		68, 18, 19, 69, 67, 7, 
		70, 51, 52, 60, 58, 65, 
		72, 99, 71, 74, 59, 60, 
		75, 76, 68, 76, 74, 18
	]
}
