{
	"attribs": {
		"Position": { "size": 3, "type": "float", "stride": 12, "offset": 0 }
	},
	"buffer":
	[
		-1.000000, -1.000000, 1.000000, 
		-2.797791, -1.000000, -1.000000, 
		-1.000000, -1.000000, -1.000000, 
		1.000000, 1.000000, -1.000000, 
		1.000000, 3.639896, 1.000000, 
		1.000000, 1.000000, 1.000000, 
		1.000000, -1.000000, 1.000000, 
		2.536307, 1.000000, 1.000000, 
		1.000000, 1.000000, 1.000000, 
		-1.000000, -1.000000, -1.000000, 
		-1.000000, -2.803419, 1.000000, 
		-1.000000, -1.000000, 1.000000, 
		1.000000, 1.000000, -1.000000, 
		-1.000000, -1.000000, -1.000000, 
		-1.000000, 1.000000, -1.000000, 
		1.000000, -1.000000, 2.124867, 
		1.000000, -1.000000, 1.000000, 
		-1.000000, 3.639896, 1.000000, 
		-1.000000, 3.639896, -1.000000, 
		-1.000000, 3.639896, -1.000000, 
		1.000000, 3.639896, -1.000000, 
		-1.000000, 1.000000, 1.000000, 
		-1.000000, 1.000000, 1.000000, 
		-1.000000, 3.639896, -1.000000, 
		-1.000000, 1.000000, -1.000000, 
		-2.797791, -1.000000, 1.000000, 
		-2.797791, 1.000000, -1.000000, 
		-2.797791, -1.000000, -1.000000, 
		-2.797791, -1.000000, 1.000000, 
		-1.000000, -1.000000, 1.000000, 
		-2.797791, 1.000000, -1.000000, 
		-1.000000, 1.000000, -1.000000, 
		-2.797791, 1.000000, 1.000000, 
		-1.000000, 1.000000, 1.000000, 
		1.000000, -2.803419, 1.000000, 
		-1.000000, -2.803419, -1.000000, 
		1.000000, -2.803419, -1.000000, 
		1.000000, -1.000000, -1.000000, 
		-1.000000, -2.803419, -1.000000, 
		1.000000, -2.803419, 1.000000, 
		1.000000, -2.803419, -1.000000, 
		1.000000, -1.000000, -1.000000, 
		-1.000000, 1.000000, 2.124867, 
		1.000000, -1.000000, 2.124867, 
		1.000000, 1.000000, 2.124867, 
		-1.000000, 1.000000, 2.124867, 
		1.000000, -1.000000, 1.000000, 
		-1.000000, -1.000000, 2.124867, 
		1.000000, 1.000000, 2.124867, 
		1.000000, 1.000000, 1.000000, 
		2.536307, 1.000000, -1.000000, 
		2.536307, -1.000000, -1.000000, 
		2.536307, -1.000000, -1.000000, 
		2.536307, 1.000000, -1.000000, 
		1.000000, 1.000000, -1.000000, 
		1.000000, -1.000000, -1.000000, 
		2.536307, -1.000000, 1.000000, 
		2.536307, -1.000000, -1.000000, 
		1.000000, 3.639896, 1.000000, 
		-1.000000, 3.639896, 1.000000, 
		-1.000000, 3.639896, 1.000000, 
		2.536307, 1.000000, 1.000000, 
		2.536307, -1.000000, -1.000000, 
		2.536307, 1.000000, -1.000000, 
		1.000000, 3.639896, -1.000000, 
		1.000000, 3.639896, 1.000000, 
		2.536307, -1.000000, 1.000000, 
		2.536307, 1.000000, 1.000000, 
		1.000000, 3.639896, -1.000000, 
		2.536307, 1.000000, -1.000000, 
		2.536307, -1.000000, 1.000000, 
		-1.000000, 3.639896, 1.000000, 
		1.000000, 3.639896, -1.000000, 
		-1.000000, 3.639896, -1.000000, 
		-1.000000, 3.639896, -1.000000, 
		1.000000, 3.639896, 1.000000, 
		1.000000, 3.639896, -1.000000, 
		-2.797791, -1.000000, 1.000000, 
		1.000000, 3.639896, -1.000000, 
		-1.000000, -2.803419, -1.000000, 
		1.000000, 1.000000, 2.124867, 
		-1.000000, 3.639896, -1.000000, 
		-1.000000, 3.639896, 1.000000, 
		-2.797791, 1.000000, 1.000000, 
		-2.797791, 1.000000, 1.000000, 
		-2.797791, -1.000000, -1.000000, 
		-2.797791, 1.000000, -1.000000, 
		-1.000000, -2.803419, 1.000000, 
		1.000000, -2.803419, -1.000000, 
		-1.000000, -2.803419, 1.000000, 
		1.000000, -2.803419, 1.000000, 
		-1.000000, -1.000000, 2.124867, 
		-1.000000, -1.000000, 2.124867, 
		1.000000, -1.000000, 2.124867, 
		-1.000000, 1.000000, 2.124867, 
		2.536307, 1.000000, 1.000000, 
		2.536307, -1.000000, -1.000000, 
		2.536307, 1.000000, -1.000000, 
		2.536307, -1.000000, 1.000000, 
		1.000000, 3.639896, 1.000000
	],
	"indices":
	[
		2, 1, 0, 5, 4, 3, 		8, 7, 6, 11, 10, 9, 		14, 13, 12, 16, 15, 5, 		19, 18, 17, 12, 20, 14, 		21, 17, 8, 24, 23, 22, 		27, 26, 25, 29, 28, 21, 		14, 30, 13, 33, 32, 31, 		36, 35, 34, 13, 38, 37, 		6, 39, 29, 41, 40, 16, 		44, 43, 42, 22, 45, 11, 		0, 47, 46, 49, 48, 33, 		52, 51, 50, 54, 53, 49, 		46, 56, 55, 37, 57, 12, 		60, 59, 58, 63, 62, 61, 		65, 58, 64, 7, 67, 66, 		64, 68, 19, 50, 69, 7, 		66, 70, 52, 17, 60, 65, 		73, 72, 71, 18, 74, 60, 		58, 75, 68, 68, 76, 18, 		1, 77, 0, 4, 78, 3, 		7, 66, 6, 10, 79, 9, 		13, 37, 12, 15, 80, 5, 		18, 60, 17, 20, 81, 14, 		17, 65, 8, 23, 82, 22, 		26, 83, 25, 28, 84, 21, 		30, 85, 13, 32, 86, 31, 		35, 87, 34, 38, 88, 37, 		39, 89, 29, 40, 90, 16, 		43, 91, 42, 45, 92, 11, 		47, 93, 46, 48, 94, 33, 		51, 69, 50, 53, 95, 49, 		56, 96, 55, 57, 97, 12, 		59, 75, 58, 62, 98, 61, 		58, 68, 64, 67, 70, 66, 		68, 18, 19, 69, 67, 7, 		70, 51, 52, 60, 58, 65, 		72, 99, 71, 74, 59, 60, 		75, 76, 68, 76, 74, 18
	]
}